/*
 Navicat Premium Data Transfer

 Source Server         : LocalDatabase
 Source Server Type    : MySQL
 Source Server Version : 50719
 Source Host           : localhost:3306
 Source Schema         : jasonnet

 Target Server Type    : MySQL
 Target Server Version : 50719
 File Encoding         : 65001

 Date: 28/04/2018 18:36:20
*/

SET NAMES utf8mb4;
SET FOREIGN_KEY_CHECKS = 0;

-- ----------------------------
-- Table structure for data_templates
-- ----------------------------
DROP TABLE IF EXISTS `data_templates`;
CREATE TABLE `data_templates`  (
  `id` int(11) NOT NULL AUTO_INCREMENT,
  `data_template_name` varchar(128) CHARACTER SET utf8 COLLATE utf8_general_ci NULL DEFAULT NULL,
  `unit_name` varchar(32) CHARACTER SET utf8 COLLATE utf8_general_ci NULL DEFAULT NULL,
  `unit_symbol` varchar(32) CHARACTER SET utf8 COLLATE utf8_general_ci NULL DEFAULT NULL,
  `create_time` int(32) NULL DEFAULT NULL,
  `update_time` int(32) NULL DEFAULT NULL,
  PRIMARY KEY (`id`) USING BTREE
) ENGINE = InnoDB AUTO_INCREMENT = 5 CHARACTER SET = utf8 COLLATE = utf8_general_ci ROW_FORMAT = Dynamic;

-- ----------------------------
-- Records of data_templates
-- ----------------------------
INSERT INTO `data_templates` VALUES (1, '温度大法好', '摄氏度', 'C', 1524801044, 1524803536);
INSERT INTO `data_templates` VALUES (2, '电流大法好', '安培', 'I', 1524801145, 1524803653);
INSERT INTO `data_templates` VALUES (4, '电压大法好', '伏特', 'V', 1524803635, 1524803635);

-- ----------------------------
-- Table structure for device_data
-- ----------------------------
DROP TABLE IF EXISTS `device_data`;
CREATE TABLE `device_data`  (
  `id` int(11) NOT NULL AUTO_INCREMENT,
  `topic` varchar(64) CHARACTER SET utf8mb4 COLLATE utf8mb4_general_ci NULL DEFAULT NULL COMMENT '主题',
  `devices_id` int(11) NULL DEFAULT NULL COMMENT '主表ID',
  `data_type` varchar(32) CHARACTER SET utf8mb4 COLLATE utf8mb4_general_ci NULL DEFAULT NULL COMMENT '数据类型',
  `data_content` varchar(128) CHARACTER SET utf8mb4 COLLATE utf8mb4_general_ci NULL DEFAULT NULL COMMENT '数据主体',
  `create_time` int(32) NULL DEFAULT NULL,
  `update_time` int(32) NULL DEFAULT NULL,
  PRIMARY KEY (`id`) USING BTREE
) ENGINE = InnoDB AUTO_INCREMENT = 389 CHARACTER SET = utf8mb4 COLLATE = utf8mb4_general_ci COMMENT = '设备数据表' ROW_FORMAT = Dynamic;

-- ----------------------------
-- Records of device_data
-- ----------------------------
INSERT INTO `device_data` VALUES (1, 'data', 10, '3', '23', 1518854970, 1518854970);
INSERT INTO `device_data` VALUES (2, 'data', 10, '1', '18', 1518855045, 1518855045);
INSERT INTO `device_data` VALUES (3, 'data', 11, '2', '30', 1518855035, 1518855035);
INSERT INTO `device_data` VALUES (4, 'data', 11, '2', '50', 1518855050, 1518855050);
INSERT INTO `device_data` VALUES (5, 'data', 11, '4', '18', 1518855065, 1518855065);
INSERT INTO `device_data` VALUES (6, 'data', 11, '3', '26', 1518855080, 1518855080);
INSERT INTO `device_data` VALUES (7, 'data', 7, '3', '47', 1518855030, 1518855030);
INSERT INTO `device_data` VALUES (8, 'data', 7, '1', '18', 1518855090, 1518855090);
INSERT INTO `device_data` VALUES (9, 'data', 6, '3', '45', 1518855075, 1518855075);
INSERT INTO `device_data` VALUES (10, 'data', 6, '2', '18', 1518855135, 1518855135);
INSERT INTO `device_data` VALUES (11, 'data', 11, '2', '33', 1518855095, 1518855095);
INSERT INTO `device_data` VALUES (12, 'data', 11, '2', '49', 1518855110, 1518855110);
INSERT INTO `device_data` VALUES (13, 'data', 11, '0', '34', 1518855125, 1518855125);
INSERT INTO `device_data` VALUES (14, 'data', 11, '0', '26', 1518855140, 1518855140);
INSERT INTO `device_data` VALUES (15, 'data', 5, '2', '20', 1518854760, 1518854760);
INSERT INTO `device_data` VALUES (16, 'data', 5, '4', '28', 1518855165, 1518855165);
INSERT INTO `device_data` VALUES (17, 'data', 9, '2', '16', 1518855060, 1518855060);
INSERT INTO `device_data` VALUES (18, 'data', 9, '2', '20', 1518855195, 1518855195);
INSERT INTO `device_data` VALUES (19, 'data', 3, '3', '41', 1518855120, 1518855120);
INSERT INTO `device_data` VALUES (20, 'data', 3, '2', '16', 1518855180, 1518855180);
INSERT INTO `device_data` VALUES (21, 'data', 11, '2', '24', 1518855155, 1518855155);
INSERT INTO `device_data` VALUES (22, 'data', 11, '4', '23', 1518855170, 1518855170);
INSERT INTO `device_data` VALUES (23, 'data', 11, '4', '18', 1518855185, 1518855185);
INSERT INTO `device_data` VALUES (24, 'data', 11, '0', '41', 1518855200, 1518855200);
INSERT INTO `device_data` VALUES (25, 'data', 4, '4', '19', 1518855105, 1518855105);
INSERT INTO `device_data` VALUES (26, 'data', 4, '0', '25', 1518855150, 1518855150);
INSERT INTO `device_data` VALUES (27, 'data', 11, '1', '40', 1518855215, 1518855215);
INSERT INTO `device_data` VALUES (28, 'data', 11, '4', '33', 1518855230, 1518855230);
INSERT INTO `device_data` VALUES (29, 'data', 11, '1', '28', 1518855245, 1518855245);
INSERT INTO `device_data` VALUES (30, 'data', 11, '3', '32', 1518855260, 1518855260);
INSERT INTO `device_data` VALUES (31, 'data', 5, '3', '49', 1518855210, 1518855210);
INSERT INTO `device_data` VALUES (32, 'data', 5, '2', '47', 1518855270, 1518855270);
INSERT INTO `device_data` VALUES (33, 'data', 11, '4', '43', 1518855275, 1518855275);
INSERT INTO `device_data` VALUES (34, 'data', 11, '3', '16', 1518855290, 1518855290);
INSERT INTO `device_data` VALUES (35, 'data', 11, '4', '16', 1518855305, 1518855305);
INSERT INTO `device_data` VALUES (36, 'data', 10, '4', '36', 1518855315, 1518855315);
INSERT INTO `device_data` VALUES (37, 'data', 10, '3', '16', 1518855330, 1518855330);
INSERT INTO `device_data` VALUES (38, 'data', 3, '1', '21', 1518855240, 1518855240);
INSERT INTO `device_data` VALUES (39, 'data', 3, '0', '30', 1518855360, 1518855360);
INSERT INTO `device_data` VALUES (40, 'data', 3, '3', '42', 1518855375, 1518855375);
INSERT INTO `device_data` VALUES (41, 'data', 11, '3', '33', 1518855320, 1518855320);
INSERT INTO `device_data` VALUES (42, 'data', 11, '3', '39', 1518855335, 1518855335);
INSERT INTO `device_data` VALUES (43, 'data', 11, '0', '34', 1518855350, 1518855350);
INSERT INTO `device_data` VALUES (44, 'data', 11, '4', '49', 1518855365, 1518855365);
INSERT INTO `device_data` VALUES (45, 'data', 4, '0', '23', 1518855285, 1518855285);
INSERT INTO `device_data` VALUES (46, 'data', 4, '4', '15', 1518855345, 1518855345);
INSERT INTO `device_data` VALUES (47, 'data', 7, '0', '33', 1518855225, 1518855225);
INSERT INTO `device_data` VALUES (48, 'data', 7, '0', '23', 1518855390, 1518855390);
INSERT INTO `device_data` VALUES (49, 'data', 11, '1', '40', 1518855380, 1518855380);
INSERT INTO `device_data` VALUES (50, 'data', 11, '0', '17', 1518855395, 1518855395);
INSERT INTO `device_data` VALUES (51, 'data', 11, '2', '27', 1518855405, 1518855405);
INSERT INTO `device_data` VALUES (52, 'data', 11, '2', '29', 1518855410, 1518855410);
INSERT INTO `device_data` VALUES (53, 'data', 11, '3', '28', 1518855425, 1518855425);
INSERT INTO `device_data` VALUES (54, 'data', 2, '3', '20', 1518855015, 1518855015);
INSERT INTO `device_data` VALUES (55, 'data', 2, '2', '21', 1518855465, 1518855465);
INSERT INTO `device_data` VALUES (56, 'data', 6, '0', '49', 1518855300, 1518855300);
INSERT INTO `device_data` VALUES (57, 'data', 6, '4', '20', 1518855480, 1518855480);
INSERT INTO `device_data` VALUES (58, 'data', 3, '3', '39', 1518855435, 1518855435);
INSERT INTO `device_data` VALUES (59, 'data', 3, '0', '29', 1518855450, 1518855450);
INSERT INTO `device_data` VALUES (60, 'data', 11, '1', '24', 1518855440, 1518855440);
INSERT INTO `device_data` VALUES (61, 'data', 11, '1', '23', 1518855455, 1518855455);
INSERT INTO `device_data` VALUES (62, 'data', 11, '2', '29', 1518855470, 1518855470);
INSERT INTO `device_data` VALUES (63, 'data', 11, '4', '21', 1518855485, 1518855485);
INSERT INTO `device_data` VALUES (64, 'data', 9, '1', '43', 1518855255, 1518855255);
INSERT INTO `device_data` VALUES (65, 'data', 9, '1', '29', 1518855540, 1518855540);
INSERT INTO `device_data` VALUES (66, 'data', 11, '1', '39', 1518855500, 1518855500);
INSERT INTO `device_data` VALUES (67, 'data', 11, '0', '36', 1518855515, 1518855515);
INSERT INTO `device_data` VALUES (68, 'data', 11, '1', '37', 1518855530, 1518855530);
INSERT INTO `device_data` VALUES (69, 'data', 11, '1', '27', 1518855545, 1518855545);
INSERT INTO `device_data` VALUES (70, 'data', 4, '0', '15', 1518855495, 1518855495);
INSERT INTO `device_data` VALUES (71, 'data', 4, '0', '49', 1518855525, 1518855525);
INSERT INTO `device_data` VALUES (72, 'data', 11, '4', '50', 1518855555, 1518855555);
INSERT INTO `device_data` VALUES (73, 'data', 11, '4', '23', 1518855560, 1518855560);
INSERT INTO `device_data` VALUES (74, 'data', 11, '1', '17', 1518855575, 1518855575);
INSERT INTO `device_data` VALUES (75, 'data', 11, '4', '26', 1518855590, 1518855590);
INSERT INTO `device_data` VALUES (76, 'data', 11, '2', '32', 1518855605, 1518855605);
INSERT INTO `device_data` VALUES (77, 'data', 2, '3', '25', 1518855585, 1518855585);
INSERT INTO `device_data` VALUES (78, 'data', 2, '3', '35', 1518855645, 1518855645);
INSERT INTO `device_data` VALUES (79, 'data', 11, '1', '22', 1518855620, 1518855620);
INSERT INTO `device_data` VALUES (80, 'data', 11, '2', '44', 1518855635, 1518855635);
INSERT INTO `device_data` VALUES (81, 'data', 11, '1', '24', 1518855650, 1518855650);
INSERT INTO `device_data` VALUES (82, 'data', 11, '4', '29', 1518855665, 1518855665);
INSERT INTO `device_data` VALUES (83, 'data', 4, '1', '35', 1518855600, 1518855600);
INSERT INTO `device_data` VALUES (84, 'data', 4, '0', '23', 1518855630, 1518855630);
INSERT INTO `device_data` VALUES (85, 'data', 9, '3', '38', 1518855570, 1518855570);
INSERT INTO `device_data` VALUES (86, 'data', 9, '0', '29', 1518855705, 1518855705);
INSERT INTO `device_data` VALUES (87, 'data', 11, '0', '25', 1518855675, 1518855675);
INSERT INTO `device_data` VALUES (88, 'data', 11, '0', '35', 1518855680, 1518855680);
INSERT INTO `device_data` VALUES (89, 'data', 11, '0', '41', 1518855690, 1518855690);
INSERT INTO `device_data` VALUES (90, 'data', 11, '0', '19', 1518855695, 1518855695);
INSERT INTO `device_data` VALUES (91, 'data', 11, '4', '37', 1518855710, 1518855710);
INSERT INTO `device_data` VALUES (92, 'data', 11, '3', '19', 1518855725, 1518855725);
INSERT INTO `device_data` VALUES (93, 'data', 10, '2', '22', 1518855420, 1518855420);
INSERT INTO `device_data` VALUES (94, 'data', 10, '4', '44', 1518855765, 1518855765);
INSERT INTO `device_data` VALUES (95, 'data', 6, '2', '36', 1518855720, 1518855720);
INSERT INTO `device_data` VALUES (96, 'data', 6, '0', '44', 1518855780, 1518855780);
INSERT INTO `device_data` VALUES (97, 'data', 11, '1', '40', 1518855740, 1518855740);
INSERT INTO `device_data` VALUES (98, 'data', 11, '2', '16', 1518855750, 1518855750);
INSERT INTO `device_data` VALUES (99, 'data', 11, '2', '29', 1518855755, 1518855755);
INSERT INTO `device_data` VALUES (100, 'data', 11, '0', '26', 1518855770, 1518855770);
INSERT INTO `device_data` VALUES (101, 'data', 6, '1', '18', 1518855810, 1518855810);
INSERT INTO `device_data` VALUES (102, 'data', 6, '1', '41', 1518855825, 1518855825);
INSERT INTO `device_data` VALUES (103, 'data', 11, '2', '16', 1518855785, 1518855785);
INSERT INTO `device_data` VALUES (104, 'data', 11, '2', '16', 1518855800, 1518855800);
INSERT INTO `device_data` VALUES (105, 'data', 11, '1', '31', 1518855815, 1518855815);
INSERT INTO `device_data` VALUES (106, 'data', 11, '1', '19', 1518855830, 1518855830);
INSERT INTO `device_data` VALUES (107, 'data', 1, '1', '35', 1518855660, 1518855660);
INSERT INTO `device_data` VALUES (108, 'data', 1, '1', '23', 1518855795, 1518855795);
INSERT INTO `device_data` VALUES (109, NULL, 4, '2', '50', 1524489479, 1524489479);
INSERT INTO `device_data` VALUES (110, NULL, 4, '4', '35', 1524489479, 1524489479);
INSERT INTO `device_data` VALUES (111, NULL, 2, '1', '13', 1524489479, 1524489479);
INSERT INTO `device_data` VALUES (112, NULL, 4, '1', '25', 1524489479, 1524489479);
INSERT INTO `device_data` VALUES (113, NULL, 7, '4', '13', 1524489479, 1524489479);
INSERT INTO `device_data` VALUES (114, NULL, 6, '2', '21', 1524489479, 1524489479);
INSERT INTO `device_data` VALUES (115, NULL, 9, '1', '21', 1524489479, 1524489479);
INSERT INTO `device_data` VALUES (116, NULL, 9, '2', '27', 1524489479, 1524489479);
INSERT INTO `device_data` VALUES (117, NULL, 6, '0', '35', 1524489479, 1524489479);
INSERT INTO `device_data` VALUES (118, NULL, 9, '2', '18', 1524489479, 1524489479);
INSERT INTO `device_data` VALUES (119, NULL, 8, '3', '17', 1524489479, 1524489479);
INSERT INTO `device_data` VALUES (120, NULL, 4, '2', '13', 1524489479, 1524489479);
INSERT INTO `device_data` VALUES (121, NULL, 11, '0', '28', 1524489479, 1524489479);
INSERT INTO `device_data` VALUES (122, NULL, 11, '0', '18', 1524489479, 1524489479);
INSERT INTO `device_data` VALUES (123, NULL, 7, '3', '30', 1524489479, 1524489479);
INSERT INTO `device_data` VALUES (124, NULL, 1, '1', '45', 1524489479, 1524489479);
INSERT INTO `device_data` VALUES (125, NULL, 2, '0', '15', 1524489479, 1524489479);
INSERT INTO `device_data` VALUES (126, NULL, 1, '2', '19', 1524489479, 1524489479);
INSERT INTO `device_data` VALUES (127, NULL, 5, '4', '49', 1524489479, 1524489479);
INSERT INTO `device_data` VALUES (128, NULL, 12, '3', '45', 1524489479, 1524489479);
INSERT INTO `device_data` VALUES (129, NULL, 6, '3', '22', 1524489479, 1524489479);
INSERT INTO `device_data` VALUES (130, NULL, 10, '4', '12', 1524489479, 1524489479);
INSERT INTO `device_data` VALUES (131, NULL, 8, '1', '43', 1524489479, 1524489479);
INSERT INTO `device_data` VALUES (132, NULL, 4, '0', '11', 1524489479, 1524489479);
INSERT INTO `device_data` VALUES (133, NULL, 1, '3', '31', 1524489479, 1524489479);
INSERT INTO `device_data` VALUES (134, NULL, 12, '3', '21', 1524489479, 1524489479);
INSERT INTO `device_data` VALUES (135, NULL, 7, '0', '41', 1524489479, 1524489479);
INSERT INTO `device_data` VALUES (136, NULL, 4, '4', '48', 1524489479, 1524489479);
INSERT INTO `device_data` VALUES (137, NULL, 6, '2', '33', 1524489479, 1524489479);
INSERT INTO `device_data` VALUES (138, NULL, 8, '2', '50', 1524489479, 1524489479);
INSERT INTO `device_data` VALUES (139, NULL, 2, '0', '29', 1524489479, 1524489479);
INSERT INTO `device_data` VALUES (140, NULL, 3, '3', '21', 1524489479, 1524489479);
INSERT INTO `device_data` VALUES (141, NULL, 5, '4', '19', 1524489479, 1524489479);
INSERT INTO `device_data` VALUES (142, NULL, 6, '2', '33', 1524489479, 1524489479);
INSERT INTO `device_data` VALUES (143, NULL, 8, '3', '33', 1524489479, 1524489479);
INSERT INTO `device_data` VALUES (144, NULL, 3, '2', '25', 1524489479, 1524489479);
INSERT INTO `device_data` VALUES (145, NULL, 7, '4', '45', 1524489479, 1524489479);
INSERT INTO `device_data` VALUES (146, NULL, 10, '1', '43', 1524489479, 1524489479);
INSERT INTO `device_data` VALUES (147, NULL, 7, '0', '42', 1524489479, 1524489479);
INSERT INTO `device_data` VALUES (148, NULL, 6, '3', '49', 1524489479, 1524489479);
INSERT INTO `device_data` VALUES (149, NULL, 12, '1', '13', 1524489479, 1524489479);
INSERT INTO `device_data` VALUES (150, NULL, 7, '4', '41', 1524489479, 1524489479);
INSERT INTO `device_data` VALUES (151, NULL, 9, '0', '48', 1524489479, 1524489479);
INSERT INTO `device_data` VALUES (152, NULL, 9, '0', '17', 1524489479, 1524489479);
INSERT INTO `device_data` VALUES (153, NULL, 6, '1', '47', 1524489479, 1524489479);
INSERT INTO `device_data` VALUES (154, NULL, 10, '4', '29', 1524489479, 1524489479);
INSERT INTO `device_data` VALUES (155, NULL, 6, '4', '19', 1524489479, 1524489479);
INSERT INTO `device_data` VALUES (156, NULL, 8, '4', '47', 1524489479, 1524489479);
INSERT INTO `device_data` VALUES (157, NULL, 12, '1', '48', 1524489479, 1524489479);
INSERT INTO `device_data` VALUES (158, NULL, 8, '1', '43', 1524489479, 1524489479);
INSERT INTO `device_data` VALUES (159, NULL, 8, '2', '49', 1524489479, 1524489479);
INSERT INTO `device_data` VALUES (160, NULL, 3, '0', '37', 1524489479, 1524489479);
INSERT INTO `device_data` VALUES (161, NULL, 6, '1', '29', 1524489479, 1524489479);
INSERT INTO `device_data` VALUES (162, NULL, 8, '3', '43', 1524489479, 1524489479);
INSERT INTO `device_data` VALUES (163, NULL, 5, '0', '39', 1524489479, 1524489479);
INSERT INTO `device_data` VALUES (164, NULL, 3, '0', '26', 1524489479, 1524489479);
INSERT INTO `device_data` VALUES (165, NULL, 1, '4', '20', 1524489479, 1524489479);
INSERT INTO `device_data` VALUES (166, NULL, 1, '4', '14', 1524489479, 1524489479);
INSERT INTO `device_data` VALUES (167, NULL, 4, '3', '42', 1524489479, 1524489479);
INSERT INTO `device_data` VALUES (168, NULL, 11, '4', '22', 1524489479, 1524489479);
INSERT INTO `device_data` VALUES (169, NULL, 2, '2', '30', 1524489479, 1524489479);
INSERT INTO `device_data` VALUES (170, NULL, 6, '1', '25', 1524489479, 1524489479);
INSERT INTO `device_data` VALUES (171, NULL, 9, '1', '13', 1524489479, 1524489479);
INSERT INTO `device_data` VALUES (172, NULL, 12, '1', '48', 1524489479, 1524489479);
INSERT INTO `device_data` VALUES (173, NULL, 10, '0', '36', 1524489479, 1524489479);
INSERT INTO `device_data` VALUES (174, NULL, 7, '3', '31', 1524489479, 1524489479);
INSERT INTO `device_data` VALUES (175, NULL, 8, '4', '14', 1524489479, 1524489479);
INSERT INTO `device_data` VALUES (176, NULL, 9, '3', '38', 1524489479, 1524489479);
INSERT INTO `device_data` VALUES (177, NULL, 1, '2', '12', 1524489479, 1524489479);
INSERT INTO `device_data` VALUES (178, NULL, 11, '3', '46', 1524489479, 1524489479);
INSERT INTO `device_data` VALUES (179, NULL, 6, '1', '23', 1524489479, 1524489479);
INSERT INTO `device_data` VALUES (180, NULL, 10, '3', '13', 1524489479, 1524489479);
INSERT INTO `device_data` VALUES (181, NULL, 4, '1', '17', 1524489479, 1524489479);
INSERT INTO `device_data` VALUES (182, NULL, 6, '1', '48', 1524489479, 1524489479);
INSERT INTO `device_data` VALUES (183, NULL, 7, '3', '41', 1524489479, 1524489479);
INSERT INTO `device_data` VALUES (184, NULL, 6, '3', '50', 1524489479, 1524489479);
INSERT INTO `device_data` VALUES (185, NULL, 3, '4', '31', 1524489479, 1524489479);
INSERT INTO `device_data` VALUES (186, NULL, 11, '3', '22', 1524489479, 1524489479);
INSERT INTO `device_data` VALUES (187, NULL, 11, '2', '30', 1524489479, 1524489479);
INSERT INTO `device_data` VALUES (188, NULL, 1, '1', '12', 1524489479, 1524489479);
INSERT INTO `device_data` VALUES (189, NULL, 4, '4', '33', 1524489479, 1524489479);
INSERT INTO `device_data` VALUES (190, NULL, 4, '3', '12', 1524489479, 1524489479);
INSERT INTO `device_data` VALUES (191, NULL, 1, '4', '22', 1524489479, 1524489479);
INSERT INTO `device_data` VALUES (192, NULL, 10, '3', '14', 1524489479, 1524489479);
INSERT INTO `device_data` VALUES (193, NULL, 6, '3', '11', 1524489479, 1524489479);
INSERT INTO `device_data` VALUES (194, NULL, 8, '2', '15', 1524489479, 1524489479);
INSERT INTO `device_data` VALUES (195, NULL, 7, '3', '37', 1524489479, 1524489479);
INSERT INTO `device_data` VALUES (196, NULL, 12, '1', '11', 1524489479, 1524489479);
INSERT INTO `device_data` VALUES (197, NULL, 1, '1', '21', 1524489479, 1524489479);
INSERT INTO `device_data` VALUES (198, NULL, 10, '3', '32', 1524489479, 1524489479);
INSERT INTO `device_data` VALUES (199, NULL, 7, '1', '13', 1524489479, 1524489479);
INSERT INTO `device_data` VALUES (200, NULL, 2, '3', '21', 1524489479, 1524489479);
INSERT INTO `device_data` VALUES (201, NULL, 9, '3', '31', 1524489479, 1524489479);
INSERT INTO `device_data` VALUES (202, NULL, 10, '3', '22', 1524489479, 1524489479);
INSERT INTO `device_data` VALUES (203, NULL, 11, '4', '23', 1524489479, 1524489479);
INSERT INTO `device_data` VALUES (204, NULL, 1, '2', '29', 1524489479, 1524489479);
INSERT INTO `device_data` VALUES (205, NULL, 8, '2', '50', 1524489479, 1524489479);
INSERT INTO `device_data` VALUES (206, NULL, 2, '3', '26', 1524489479, 1524489479);
INSERT INTO `device_data` VALUES (207, NULL, 5, '1', '17', 1524489479, 1524489479);
INSERT INTO `device_data` VALUES (208, NULL, 10, '0', '39', 1524489479, 1524489479);
INSERT INTO `device_data` VALUES (209, NULL, 12, '0', '23', 1524489479, 1524489479);
INSERT INTO `device_data` VALUES (210, NULL, 10, '4', '27', 1524489479, 1524489479);
INSERT INTO `device_data` VALUES (211, NULL, 4, '4', '50', 1524489479, 1524489479);
INSERT INTO `device_data` VALUES (212, NULL, 12, '1', '42', 1524489479, 1524489479);
INSERT INTO `device_data` VALUES (213, NULL, 12, '2', '35', 1524489479, 1524489479);
INSERT INTO `device_data` VALUES (214, NULL, 1, '4', '38', 1524489479, 1524489479);
INSERT INTO `device_data` VALUES (215, NULL, 5, '1', '45', 1524489479, 1524489479);
INSERT INTO `device_data` VALUES (216, NULL, 12, '4', '33', 1524489479, 1524489479);
INSERT INTO `device_data` VALUES (217, NULL, 6, '1', '46', 1524489479, 1524489479);
INSERT INTO `device_data` VALUES (218, NULL, 11, '0', '39', 1524489479, 1524489479);
INSERT INTO `device_data` VALUES (219, NULL, 7, '1', '40', 1524489479, 1524489479);
INSERT INTO `device_data` VALUES (220, NULL, 4, '3', '13', 1524489479, 1524489479);
INSERT INTO `device_data` VALUES (221, NULL, 9, '2', '27', 1524489479, 1524489479);
INSERT INTO `device_data` VALUES (222, NULL, 1, '2', '48', 1524489479, 1524489479);
INSERT INTO `device_data` VALUES (223, NULL, 4, '3', '26', 1524489479, 1524489479);
INSERT INTO `device_data` VALUES (224, NULL, 4, '4', '47', 1524489479, 1524489479);
INSERT INTO `device_data` VALUES (225, NULL, 7, '1', '45', 1524489479, 1524489479);
INSERT INTO `device_data` VALUES (226, NULL, 5, '2', '33', 1524489479, 1524489479);
INSERT INTO `device_data` VALUES (227, NULL, 3, '3', '44', 1524489479, 1524489479);
INSERT INTO `device_data` VALUES (228, NULL, 9, '2', '29', 1524489479, 1524489479);
INSERT INTO `device_data` VALUES (229, NULL, 1, '0', '38', 1524489479, 1524489479);
INSERT INTO `device_data` VALUES (230, NULL, 12, '4', '11', 1524489479, 1524489479);
INSERT INTO `device_data` VALUES (231, NULL, 6, '1', '20', 1524489479, 1524489479);
INSERT INTO `device_data` VALUES (232, NULL, 1, '0', '33', 1524489479, 1524489479);
INSERT INTO `device_data` VALUES (233, NULL, 3, '3', '13', 1524489479, 1524489479);
INSERT INTO `device_data` VALUES (234, NULL, 3, '2', '20', 1524489479, 1524489479);
INSERT INTO `device_data` VALUES (235, NULL, 11, '1', '38', 1524489479, 1524489479);
INSERT INTO `device_data` VALUES (236, NULL, 7, '4', '44', 1524489479, 1524489479);
INSERT INTO `device_data` VALUES (237, NULL, 10, '1', '20', 1524489479, 1524489479);
INSERT INTO `device_data` VALUES (238, NULL, 3, '3', '39', 1524489479, 1524489479);
INSERT INTO `device_data` VALUES (239, NULL, 9, '2', '15', 1524489479, 1524489479);
INSERT INTO `device_data` VALUES (240, NULL, 7, '0', '10', 1524489480, 1524489480);
INSERT INTO `device_data` VALUES (241, NULL, 9, '2', '22', 1524489480, 1524489480);
INSERT INTO `device_data` VALUES (242, NULL, 4, '1', '15', 1524489480, 1524489480);
INSERT INTO `device_data` VALUES (243, NULL, 1, '0', '40', 1524489480, 1524489480);
INSERT INTO `device_data` VALUES (244, NULL, 4, '3', '24', 1524489480, 1524489480);
INSERT INTO `device_data` VALUES (245, NULL, 9, '1', '33', 1524489480, 1524489480);
INSERT INTO `device_data` VALUES (246, NULL, 10, '2', '24', 1524489480, 1524489480);
INSERT INTO `device_data` VALUES (247, NULL, 7, '4', '21', 1524489480, 1524489480);
INSERT INTO `device_data` VALUES (248, NULL, 1, '2', '50', 1524489480, 1524489480);
INSERT INTO `device_data` VALUES (249, NULL, 3, '0', '42', 1524489480, 1524489480);
INSERT INTO `device_data` VALUES (250, NULL, 6, '4', '50', 1524489480, 1524489480);
INSERT INTO `device_data` VALUES (251, NULL, 8, '2', '18', 1524489480, 1524489480);
INSERT INTO `device_data` VALUES (252, NULL, 7, '2', '17', 1524489480, 1524489480);
INSERT INTO `device_data` VALUES (253, NULL, 10, '4', '28', 1524489480, 1524489480);
INSERT INTO `device_data` VALUES (254, NULL, 12, '3', '23', 1524489480, 1524489480);
INSERT INTO `device_data` VALUES (255, NULL, 9, '2', '24', 1524489480, 1524489480);
INSERT INTO `device_data` VALUES (256, NULL, 5, '2', '16', 1524489480, 1524489480);
INSERT INTO `device_data` VALUES (257, NULL, 7, '0', '22', 1524489480, 1524489480);
INSERT INTO `device_data` VALUES (258, NULL, 11, '3', '11', 1524489480, 1524489480);
INSERT INTO `device_data` VALUES (259, NULL, 7, '0', '11', 1524489480, 1524489480);
INSERT INTO `device_data` VALUES (260, NULL, 10, '1', '19', 1524489480, 1524489480);
INSERT INTO `device_data` VALUES (261, NULL, 12, '2', '11', 1524489480, 1524489480);
INSERT INTO `device_data` VALUES (262, NULL, 3, '0', '48', 1524489480, 1524489480);
INSERT INTO `device_data` VALUES (263, NULL, 7, '4', '28', 1524489480, 1524489480);
INSERT INTO `device_data` VALUES (264, NULL, 12, '2', '38', 1524489480, 1524489480);
INSERT INTO `device_data` VALUES (265, NULL, 8, '1', '48', 1524489480, 1524489480);
INSERT INTO `device_data` VALUES (266, NULL, 3, '0', '43', 1524489480, 1524489480);
INSERT INTO `device_data` VALUES (267, NULL, 11, '0', '42', 1524489480, 1524489480);
INSERT INTO `device_data` VALUES (268, NULL, 3, '0', '11', 1524489480, 1524489480);
INSERT INTO `device_data` VALUES (269, NULL, 9, '1', '33', 1524489480, 1524489480);
INSERT INTO `device_data` VALUES (270, NULL, 2, '2', '15', 1524489480, 1524489480);
INSERT INTO `device_data` VALUES (271, NULL, 3, '0', '29', 1524489480, 1524489480);
INSERT INTO `device_data` VALUES (272, NULL, 5, '2', '47', 1524489480, 1524489480);
INSERT INTO `device_data` VALUES (273, NULL, 3, '0', '29', 1524489480, 1524489480);
INSERT INTO `device_data` VALUES (274, NULL, 9, '4', '17', 1524489480, 1524489480);
INSERT INTO `device_data` VALUES (275, NULL, 10, '2', '50', 1524489480, 1524489480);
INSERT INTO `device_data` VALUES (276, NULL, 11, '3', '38', 1524489480, 1524489480);
INSERT INTO `device_data` VALUES (277, NULL, 8, '1', '20', 1524489480, 1524489480);
INSERT INTO `device_data` VALUES (278, NULL, 3, '1', '23', 1524489480, 1524489480);
INSERT INTO `device_data` VALUES (279, NULL, 8, '1', '46', 1524489480, 1524489480);
INSERT INTO `device_data` VALUES (280, NULL, 11, '2', '11', 1524489480, 1524489480);
INSERT INTO `device_data` VALUES (281, NULL, 1, '3', '30', 1524489480, 1524489480);
INSERT INTO `device_data` VALUES (282, NULL, 4, '3', '46', 1524489480, 1524489480);
INSERT INTO `device_data` VALUES (283, NULL, 6, '2', '37', 1524489480, 1524489480);
INSERT INTO `device_data` VALUES (284, NULL, 5, '1', '43', 1524489480, 1524489480);
INSERT INTO `device_data` VALUES (285, NULL, 8, '4', '44', 1524489480, 1524489480);
INSERT INTO `device_data` VALUES (286, NULL, 2, '3', '35', 1524489480, 1524489480);
INSERT INTO `device_data` VALUES (287, NULL, 9, '3', '48', 1524489480, 1524489480);
INSERT INTO `device_data` VALUES (288, NULL, 5, '1', '32', 1524489480, 1524489480);
INSERT INTO `device_data` VALUES (289, NULL, 6, '1', '16', 1524489480, 1524489480);
INSERT INTO `device_data` VALUES (290, NULL, 12, '4', '23', 1524489480, 1524489480);
INSERT INTO `device_data` VALUES (291, NULL, 12, '0', '25', 1524489480, 1524489480);
INSERT INTO `device_data` VALUES (292, NULL, 8, '0', '34', 1524489480, 1524489480);
INSERT INTO `device_data` VALUES (293, NULL, 11, '4', '25', 1524489480, 1524489480);
INSERT INTO `device_data` VALUES (294, NULL, 5, '4', '22', 1524489480, 1524489480);
INSERT INTO `device_data` VALUES (295, NULL, 9, '3', '41', 1524489480, 1524489480);
INSERT INTO `device_data` VALUES (296, NULL, 11, '0', '45', 1524489480, 1524489480);
INSERT INTO `device_data` VALUES (297, NULL, 7, '1', '41', 1524489480, 1524489480);
INSERT INTO `device_data` VALUES (298, NULL, 9, '4', '39', 1524489480, 1524489480);
INSERT INTO `device_data` VALUES (299, NULL, 3, '3', '33', 1524489480, 1524489480);
INSERT INTO `device_data` VALUES (300, NULL, 10, '4', '28', 1524489480, 1524489480);
INSERT INTO `device_data` VALUES (301, NULL, 6, '1', '37', 1524489480, 1524489480);
INSERT INTO `device_data` VALUES (302, NULL, 8, '4', '22', 1524489480, 1524489480);
INSERT INTO `device_data` VALUES (303, NULL, 12, '4', '43', 1524489480, 1524489480);
INSERT INTO `device_data` VALUES (304, NULL, 5, '4', '17', 1524489480, 1524489480);
INSERT INTO `device_data` VALUES (305, NULL, 5, '2', '49', 1524489480, 1524489480);
INSERT INTO `device_data` VALUES (306, NULL, 12, '1', '26', 1524489480, 1524489480);
INSERT INTO `device_data` VALUES (307, NULL, 7, '0', '49', 1524489480, 1524489480);
INSERT INTO `device_data` VALUES (308, NULL, 4, '2', '22', 1524489480, 1524489480);
INSERT INTO `device_data` VALUES (309, NULL, 7, '0', '12', 1524489480, 1524489480);
INSERT INTO `device_data` VALUES (310, NULL, 12, '2', '30', 1524489480, 1524489480);
INSERT INTO `device_data` VALUES (311, NULL, 10, '4', '36', 1524489480, 1524489480);
INSERT INTO `device_data` VALUES (312, NULL, 9, '1', '12', 1524489480, 1524489480);
INSERT INTO `device_data` VALUES (313, NULL, 1, '1', '15', 1524489480, 1524489480);
INSERT INTO `device_data` VALUES (314, NULL, 5, '4', '28', 1524489480, 1524489480);
INSERT INTO `device_data` VALUES (315, NULL, 3, '0', '26', 1524489480, 1524489480);
INSERT INTO `device_data` VALUES (316, NULL, 12, '1', '48', 1524489480, 1524489480);
INSERT INTO `device_data` VALUES (317, NULL, 2, '3', '20', 1524489480, 1524489480);
INSERT INTO `device_data` VALUES (318, NULL, 6, '1', '14', 1524489480, 1524489480);
INSERT INTO `device_data` VALUES (319, NULL, 5, '3', '17', 1524489480, 1524489480);
INSERT INTO `device_data` VALUES (320, NULL, 9, '1', '11', 1524489480, 1524489480);
INSERT INTO `device_data` VALUES (321, NULL, 9, '0', '47', 1524489480, 1524489480);
INSERT INTO `device_data` VALUES (322, NULL, 5, '2', '18', 1524489480, 1524489480);
INSERT INTO `device_data` VALUES (323, NULL, 10, '3', '19', 1524489480, 1524489480);
INSERT INTO `device_data` VALUES (324, NULL, 5, '4', '12', 1524489480, 1524489480);
INSERT INTO `device_data` VALUES (325, NULL, 5, '0', '38', 1524489480, 1524489480);
INSERT INTO `device_data` VALUES (326, NULL, 6, '2', '30', 1524489480, 1524489480);
INSERT INTO `device_data` VALUES (327, NULL, 4, '4', '11', 1524489480, 1524489480);
INSERT INTO `device_data` VALUES (328, NULL, 3, '2', '44', 1524489480, 1524489480);
INSERT INTO `device_data` VALUES (329, NULL, 8, '0', '15', 1524489480, 1524489480);
INSERT INTO `device_data` VALUES (330, NULL, 9, '0', '24', 1524489480, 1524489480);
INSERT INTO `device_data` VALUES (331, NULL, 1, '2', '41', 1524489480, 1524489480);
INSERT INTO `device_data` VALUES (332, NULL, 11, '0', '43', 1524489480, 1524489480);
INSERT INTO `device_data` VALUES (333, NULL, 3, '1', '24', 1524489480, 1524489480);
INSERT INTO `device_data` VALUES (334, NULL, 7, '3', '40', 1524489480, 1524489480);
INSERT INTO `device_data` VALUES (335, NULL, 4, '1', '16', 1524489480, 1524489480);
INSERT INTO `device_data` VALUES (336, NULL, 3, '2', '15', 1524489480, 1524489480);
INSERT INTO `device_data` VALUES (337, NULL, 2, '0', '43', 1524489480, 1524489480);
INSERT INTO `device_data` VALUES (338, NULL, 12, '4', '23', 1524489480, 1524489480);
INSERT INTO `device_data` VALUES (339, NULL, 3, '2', '21', 1524489480, 1524489480);
INSERT INTO `device_data` VALUES (340, NULL, 10, '1', '40', 1524489480, 1524489480);
INSERT INTO `device_data` VALUES (341, NULL, 6, '1', '32', 1524489480, 1524489480);
INSERT INTO `device_data` VALUES (342, NULL, 10, '3', '25', 1524489480, 1524489480);
INSERT INTO `device_data` VALUES (343, NULL, 2, '4', '24', 1524489480, 1524489480);
INSERT INTO `device_data` VALUES (344, NULL, 4, '2', '49', 1524489480, 1524489480);
INSERT INTO `device_data` VALUES (345, NULL, 8, '1', '33', 1524489480, 1524489480);
INSERT INTO `device_data` VALUES (346, NULL, 7, '4', '21', 1524489480, 1524489480);
INSERT INTO `device_data` VALUES (347, NULL, 1, '1', '35', 1524489480, 1524489480);
INSERT INTO `device_data` VALUES (348, NULL, 4, '1', '38', 1524489480, 1524489480);
INSERT INTO `device_data` VALUES (349, NULL, 2, '2', '48', 1524489480, 1524489480);
INSERT INTO `device_data` VALUES (350, NULL, 3, '0', '38', 1524489480, 1524489480);
INSERT INTO `device_data` VALUES (351, NULL, 1, '3', '38', 1524489480, 1524489480);
INSERT INTO `device_data` VALUES (352, NULL, 8, '2', '45', 1524489480, 1524489480);
INSERT INTO `device_data` VALUES (353, NULL, 10, '3', '40', 1524489480, 1524489480);
INSERT INTO `device_data` VALUES (354, NULL, 6, '4', '28', 1524489480, 1524489480);
INSERT INTO `device_data` VALUES (355, NULL, 8, '3', '13', 1524489480, 1524489480);
INSERT INTO `device_data` VALUES (356, NULL, 1, '4', '33', 1524489480, 1524489480);
INSERT INTO `device_data` VALUES (357, NULL, 4, '4', '45', 1524489480, 1524489480);
INSERT INTO `device_data` VALUES (358, NULL, 10, '0', '20', 1524489480, 1524489480);
INSERT INTO `device_data` VALUES (359, NULL, 11, '0', '12', 1524489480, 1524489480);
INSERT INTO `device_data` VALUES (360, NULL, 4, '4', '23', 1524489480, 1524489480);
INSERT INTO `device_data` VALUES (361, NULL, 12, '4', '33', 1524489480, 1524489480);
INSERT INTO `device_data` VALUES (362, NULL, 3, '1', '36', 1524489480, 1524489480);
INSERT INTO `device_data` VALUES (363, NULL, 10, '2', '38', 1524489480, 1524489480);
INSERT INTO `device_data` VALUES (364, NULL, 2, '1', '15', 1524489480, 1524489480);
INSERT INTO `device_data` VALUES (365, NULL, 11, '3', '18', 1524489480, 1524489480);
INSERT INTO `device_data` VALUES (366, NULL, 3, '2', '47', 1524489480, 1524489480);
INSERT INTO `device_data` VALUES (367, NULL, 10, '0', '16', 1524489480, 1524489480);
INSERT INTO `device_data` VALUES (368, NULL, 11, '4', '40', 1524489480, 1524489480);
INSERT INTO `device_data` VALUES (369, NULL, 6, '1', '42', 1524489480, 1524489480);
INSERT INTO `device_data` VALUES (370, NULL, 8, '1', '48', 1524489480, 1524489480);
INSERT INTO `device_data` VALUES (371, NULL, 2, '3', '49', 1524489480, 1524489480);
INSERT INTO `device_data` VALUES (372, NULL, 5, '2', '14', 1524489480, 1524489480);
INSERT INTO `device_data` VALUES (373, NULL, 12, '4', '21', 1524489480, 1524489480);
INSERT INTO `device_data` VALUES (374, NULL, 11, '4', '34', 1524489480, 1524489480);
INSERT INTO `device_data` VALUES (375, NULL, 6, '4', '20', 1524489480, 1524489480);
INSERT INTO `device_data` VALUES (376, NULL, 9, '4', '44', 1524489480, 1524489480);
INSERT INTO `device_data` VALUES (377, NULL, 10, '1', '19', 1524489480, 1524489480);
INSERT INTO `device_data` VALUES (378, NULL, 3, '1', '50', 1524489480, 1524489480);
INSERT INTO `device_data` VALUES (379, NULL, 5, '1', '32', 1524489480, 1524489480);
INSERT INTO `device_data` VALUES (380, NULL, 4, '1', '12', 1524489480, 1524489480);
INSERT INTO `device_data` VALUES (381, NULL, 5, '1', '33', 1524489480, 1524489480);
INSERT INTO `device_data` VALUES (382, NULL, 10, '2', '40', 1524489480, 1524489480);
INSERT INTO `device_data` VALUES (383, NULL, 10, '3', '16', 1524489480, 1524489480);
INSERT INTO `device_data` VALUES (384, NULL, 6, '3', '28', 1524489480, 1524489480);
INSERT INTO `device_data` VALUES (385, NULL, 9, '0', '39', 1524489480, 1524489480);
INSERT INTO `device_data` VALUES (386, NULL, 8, '1', '27', 1524489480, 1524489480);
INSERT INTO `device_data` VALUES (387, NULL, 11, '4', '31', 1524489480, 1524489480);
INSERT INTO `device_data` VALUES (388, NULL, 10, '4', '13', 1524489480, 1524489480);

-- ----------------------------
-- Table structure for device_log
-- ----------------------------
DROP TABLE IF EXISTS `device_log`;
CREATE TABLE `device_log`  (
  `id` int(11) NOT NULL AUTO_INCREMENT,
  `record_type` int(2) NULL DEFAULT NULL COMMENT '日志类型,1=>登入,2=>注销,3=>关机,4=>发送命令',
  `order_content` varchar(128) CHARACTER SET utf8mb4 COLLATE utf8mb4_general_ci NULL DEFAULT NULL COMMENT '命令内容',
  `create_time` int(32) NULL DEFAULT NULL,
  `update_time` int(32) NULL DEFAULT NULL,
  PRIMARY KEY (`id`) USING BTREE
) ENGINE = InnoDB AUTO_INCREMENT = 1 CHARACTER SET = utf8mb4 COLLATE = utf8mb4_general_ci COMMENT = '设备日志表' ROW_FORMAT = Dynamic;

-- ----------------------------
-- Table structure for devices
-- ----------------------------
DROP TABLE IF EXISTS `devices`;
CREATE TABLE `devices`  (
  `id` int(11) NOT NULL AUTO_INCREMENT,
  `product_id` int(11) NULL DEFAULT NULL,
  `device_name` varchar(128) CHARACTER SET utf8mb4 COLLATE utf8mb4_general_ci NULL DEFAULT NULL COMMENT '设备名称',
  `device_description` varchar(256) CHARACTER SET utf8mb4 COLLATE utf8mb4_general_ci NULL DEFAULT NULL COMMENT '设备描述',
  `status` int(2) NULL DEFAULT 0 COMMENT '0 => 离线 ,1=>在线 ,2=>异常,3=>启动中',
  `device_auth` varchar(128) CHARACTER SET utf8mb4 COLLATE utf8mb4_general_ci NULL DEFAULT NULL COMMENT '鉴权信息',
  `icon` varchar(64) CHARACTER SET utf8mb4 COLLATE utf8mb4_general_ci NULL DEFAULT 'fa-desktop' COMMENT '图标',
  `create_time` int(32) NULL DEFAULT NULL,
  `update_time` int(32) NULL DEFAULT NULL,
  PRIMARY KEY (`id`) USING BTREE
) ENGINE = InnoDB AUTO_INCREMENT = 13 CHARACTER SET = utf8mb4 COLLATE = utf8mb4_general_ci COMMENT = '设备列表' ROW_FORMAT = Dynamic;

-- ----------------------------
-- Records of devices
-- ----------------------------
INSERT INTO `devices` VALUES (1, 1, '小米7', 'Jason最期待的小手机', 1, 'mi_seven', 'fa-desktop', 1523789846, 1523789846);
INSERT INTO `devices` VALUES (2, 1, '米家IH电饭煲', '多才多艺的智能电饭煲', 0, 'dianfanbao', 'fa-desktop', 1523792188, 1523792188);
INSERT INTO `devices` VALUES (3, 1, '米家 LED 智能台灯', '照明之上，光的艺术品', 1, 'ledlight', 'fa-desktop', 1523792232, 1523792232);
INSERT INTO `devices` VALUES (4, 2, '米家智能摄像机', '守护家的每一面', 0, 'cramarm', 'fa-desktop', 1523792276, 1523792276);
INSERT INTO `devices` VALUES (5, 2, '小米净水器', '小身材节省空间，大流量直出纯净水', 1, 'water', 'fa-desktop', 1523792357, 1523797670);
INSERT INTO `devices` VALUES (6, 2, '九号平衡车', '年轻人的酷玩具', 1, 'car', 'fa-desktop', 1523792403, 1523796953);
INSERT INTO `devices` VALUES (7, 2, '米家电动剃须刀', '剃得干净，剃得快', 1, 'nicvre', 'fa-desktop', 1523792446, 1523792446);
INSERT INTO `devices` VALUES (8, 3, '米家恒温电水壶', '一杯水的温度，刚刚好', 1, 'water', 'fa-desktop', 1523792477, 1523792477);
INSERT INTO `devices` VALUES (9, 3, '米家空气净化器', '经典再升级，好空气看得见', 0, 'fresh', 'fa-desktop', 1523801051, 1523801051);
INSERT INTO `devices` VALUES (10, 3, '米家iHealth血压计', '爸妈上手就会用的血压计', 0, 'health', 'fa-desktop', 1523801093, 1523801093);
INSERT INTO `devices` VALUES (11, 4, '小米体脂秤', '简约纤薄精准掌握身体数据', 0, 'weigth', 'fa-desktop', 1523801121, 1523801121);
INSERT INTO `devices` VALUES (12, 1, '小米6x', '剽悍的人生不需要解释', 0, 'mi_6x', 'fa-desktop', 1524321157, 1524321157);

-- ----------------------------
-- Table structure for product_industry
-- ----------------------------
DROP TABLE IF EXISTS `product_industry`;
CREATE TABLE `product_industry`  (
  `id` int(11) NOT NULL AUTO_INCREMENT,
  `name` varchar(128) CHARACTER SET utf8 COLLATE utf8_general_ci NULL DEFAULT NULL,
  `create_time` int(32) NULL DEFAULT NULL,
  `update_time` int(32) NULL DEFAULT NULL,
  PRIMARY KEY (`id`) USING BTREE
) ENGINE = InnoDB AUTO_INCREMENT = 11 CHARACTER SET = utf8 COLLATE = utf8_general_ci ROW_FORMAT = Dynamic;

-- ----------------------------
-- Records of product_industry
-- ----------------------------
INSERT INTO `product_industry` VALUES (1, '大保健', 1524908994, 1524908994);
INSERT INTO `product_industry` VALUES (2, '车载设备', 1524908994, 1524908994);
INSERT INTO `product_industry` VALUES (3, '可穿戴设备', 1524908994, 1524908994);
INSERT INTO `product_industry` VALUES (4, '医疗保健', 1524908994, 1524908994);
INSERT INTO `product_industry` VALUES (5, '智能玩具', 1524908994, 1524908994);
INSERT INTO `product_industry` VALUES (6, '新能源', 1524908994, 1524908994);
INSERT INTO `product_industry` VALUES (7, '运动监控', 1524908994, 1524908994);
INSERT INTO `product_industry` VALUES (8, '智能教育', 1524908994, 1524908994);
INSERT INTO `product_industry` VALUES (9, '办公设备', 1524908994, 1524908994);
INSERT INTO `product_industry` VALUES (10, '其他', 1524908994, 1524908994);

-- ----------------------------
-- Table structure for products
-- ----------------------------
DROP TABLE IF EXISTS `products`;
CREATE TABLE `products`  (
  `id` int(11) NOT NULL AUTO_INCREMENT,
  `user_id` int(11) NULL DEFAULT NULL,
  `product_name` varchar(128) CHARACTER SET utf8mb4 COLLATE utf8mb4_general_ci NULL DEFAULT NULL COMMENT '产品名称',
  `product_industry_id` int(11) NULL DEFAULT NULL COMMENT '所属行业',
  `product_description` varchar(255) CHARACTER SET utf8mb4 COLLATE utf8mb4_general_ci NULL DEFAULT NULL COMMENT '产品描述',
  `create_time` int(32) NULL DEFAULT NULL,
  `update_time` int(32) NULL DEFAULT NULL,
  PRIMARY KEY (`id`) USING BTREE
) ENGINE = InnoDB AUTO_INCREMENT = 9 CHARACTER SET = utf8mb4 COLLATE = utf8mb4_general_ci ROW_FORMAT = Dynamic;

-- ----------------------------
-- Records of products
-- ----------------------------
INSERT INTO `products` VALUES (1, 1, '松果环境监测', 1, '专注检测行业30年', 1524665064, 1524909878);
INSERT INTO `products` VALUES (2, 1, '三路', 4, '再来一瓶', 1524666216, 1524666216);
INSERT INTO `products` VALUES (3, 1, '三路', 2, '5555', 1524666253, 1524666253);
INSERT INTO `products` VALUES (4, 1, '666', 2, '444', 1524666284, 1524666284);
INSERT INTO `products` VALUES (5, 2, '32', 2, '6565', 1524666367, 1524666367);
INSERT INTO `products` VALUES (6, 2, '6565', 2, '65656', 1524666392, 1524666392);
INSERT INTO `products` VALUES (7, 2, '5656', 2, '65656', 1524666488, 1524666488);
INSERT INTO `products` VALUES (8, 2, '65656', 2, '6565', 1524666533, 1524666533);

-- ----------------------------
-- Table structure for triggers
-- ----------------------------
DROP TABLE IF EXISTS `triggers`;
CREATE TABLE `triggers`  (
  `id` int(11) NOT NULL AUTO_INCREMENT,
  `device_id` int(11) NULL DEFAULT NULL,
  `trigger_name` varchar(128) CHARACTER SET utf8mb4 COLLATE utf8mb4_general_ci NULL DEFAULT NULL,
  `target_condition` varchar(32) CHARACTER SET utf8mb4 COLLATE utf8mb4_general_ci NULL DEFAULT NULL,
  `target_type` varchar(32) CHARACTER SET utf8mb4 COLLATE utf8mb4_general_ci NULL DEFAULT NULL,
  `trigger_value` varchar(32) CHARACTER SET utf8mb4 COLLATE utf8mb4_general_ci NULL DEFAULT NULL,
  `phone_check` varchar(16) CHARACTER SET utf8mb4 COLLATE utf8mb4_general_ci NULL DEFAULT NULL,
  `phone` varchar(32) CHARACTER SET utf8mb4 COLLATE utf8mb4_general_ci NULL DEFAULT NULL,
  `email_check` varchar(16) CHARACTER SET utf8mb4 COLLATE utf8mb4_general_ci NULL DEFAULT NULL,
  `email` varchar(64) CHARACTER SET utf8mb4 COLLATE utf8mb4_general_ci NULL DEFAULT NULL,
  `report_msg` varchar(255) CHARACTER SET utf8mb4 COLLATE utf8mb4_general_ci NULL DEFAULT NULL,
  `create_time` int(32) NULL DEFAULT NULL,
  `update_time` int(32) NULL DEFAULT NULL,
  PRIMARY KEY (`id`) USING BTREE
) ENGINE = InnoDB AUTO_INCREMENT = 10 CHARACTER SET = utf8mb4 COLLATE = utf8mb4_general_ci ROW_FORMAT = Dynamic;

-- ----------------------------
-- Records of triggers
-- ----------------------------
INSERT INTO `triggers` VALUES (3, 1, '火警119', '>=', NULL, '59', 'on', '18577387793', 'on', '729631422@qq.com', '你报警啊', 1524753370, 1524797236);
INSERT INTO `triggers` VALUES (4, 1, '开车啦', '>=', NULL, '120', NULL, '15677090774', 'on', '729631422@qq.com', '啊啊啊啊啊啊', 1524793616, 1524793616);
INSERT INTO `triggers` VALUES (5, 2, '饭煮好啦', '==', NULL, '20', 'on', '18577387793', 'on', '18577387793@qq.com', 'gggg', 1524793731, 1524911316);
INSERT INTO `triggers` VALUES (6, 3, '高光报警', '>', NULL, '360', NULL, '15888889999', 'on', '729631422@qq.com', '亮瞎我的狗眼了', 1524795027, 1524797289);
INSERT INTO `triggers` VALUES (7, 10, '高血压犯了', '>=', NULL, '180', '', '18577387793', 'on', 'jason_l@rio.com', '亮瞎我的狗眼了', 1524795263, 1524911330);
INSERT INTO `triggers` VALUES (8, 8, '水好了,快来泡面吧', '>', NULL, '100', NULL, '15600778800', 'on', '9565665@qq.com', '啊啊啊啊啊啊', 1524795336, 1524795336);
INSERT INTO `triggers` VALUES (9, 1, '火警119', '>=', NULL, '59', '', '18577387793', 'on', '729631422@qq.com', '有人飙车了', 1524796241, 1524911340);

-- ----------------------------
-- Table structure for user
-- ----------------------------
DROP TABLE IF EXISTS `user`;
CREATE TABLE `user`  (
  `id` int(11) NOT NULL AUTO_INCREMENT COMMENT '自增主键',
  `username` varchar(32) CHARACTER SET utf8mb4 COLLATE utf8mb4_general_ci NULL DEFAULT NULL,
  `phone` varchar(32) CHARACTER SET utf8mb4 COLLATE utf8mb4_general_ci NULL DEFAULT NULL COMMENT '手机号',
  `email` varchar(32) CHARACTER SET utf8mb4 COLLATE utf8mb4_general_ci NULL DEFAULT NULL,
  `password` varchar(32) CHARACTER SET utf8mb4 COLLATE utf8mb4_general_ci NULL DEFAULT NULL,
  `create_time` int(32) NULL DEFAULT NULL,
  `update_time` int(32) NULL DEFAULT NULL,
  `confirm_password` varchar(64) CHARACTER SET utf8mb4 COLLATE utf8mb4_general_ci NULL DEFAULT NULL,
  PRIMARY KEY (`id`) USING BTREE
) ENGINE = InnoDB AUTO_INCREMENT = 5 CHARACTER SET = utf8mb4 COLLATE = utf8mb4_general_ci COMMENT = '用户表' ROW_FORMAT = Dynamic;

-- ----------------------------
-- Records of user
-- ----------------------------
INSERT INTO `user` VALUES (1, 'Jason', '18577387793', '729631422@qq.com', '123456', 1523787370, 1523787370, '123456');
INSERT INTO `user` VALUES (2, '小松果', '15677090774', '729631422@qq.com', '123456', 1524494976, 1524494976, '123456');
INSERT INTO `user` VALUES (3, '小松鼠', '15677070088', '123@qq.com', '123456', 1524905493, 1524905493, NULL);
INSERT INTO `user` VALUES (4, '打老虎', '18588889999', 'triger@zoom.com', '123456', 1524905544, 1524905544, NULL);

SET FOREIGN_KEY_CHECKS = 1;
